dimension,num_vectors,operation,total_time,avg_time,min_time,max_time,throughput,recall,search_quality
512,1000,batch_insert,0.644505,0.000645,0.000000,0.000000,1551.58,0.0000,0.0000
512,100,single_insert,0.165369,0.001654,0.000695,0.004029,604.71,0.0000,0.0000
512,100,exact_search,0.225425,0.002254,0.001609,0.004298,443.61,1.0000,0.0000
512,100,search_k10,0.185780,0.001858,0.001664,0.002959,538.27,0.0000,1.0000
512,50,search_k100,0.098971,0.001979,0.001681,0.003633,505.20,0.0000,1.0000
512,50,filtered_search,0.096852,0.001937,0.001667,0.002669,516.25,0.0000,0.0000
512,100,update,0.185843,0.001858,0.001090,0.003863,538.09,0.0000,0.0000
0,100,delete,0.000106,0.000001,0.000001,0.000017,939090.58,0.0000,0.0000
512,100,get_by_id,0.000216,0.000002,0.000000,0.000034,463703.60,0.0000,0.0000
512,100,concurrent_search,0.478190,0.004782,0.001459,0.025425,1628.61,0.0000,0.0000
512,2000,batch_insert,2.183692,0.001092,0.000000,0.000000,915.88,0.0000,0.0000
512,100,single_insert,0.177824,0.001778,0.000723,0.004698,562.35,0.0000,0.0000
512,100,exact_search,0.524353,0.005244,0.004318,0.008435,190.71,1.0000,0.0000
512,100,search_k10,0.645966,0.006460,0.004858,0.012538,154.81,0.0000,1.0000
512,50,search_k100,0.299608,0.005992,0.005060,0.010592,166.88,0.0000,1.0000
512,50,filtered_search,0.357205,0.007144,0.005363,0.015130,139.98,0.0000,0.0000
512,100,update,0.304663,0.003047,0.000957,0.106860,328.23,0.0000,0.0000
0,100,delete,0.000161,0.000002,0.000001,0.000028,621025.44,0.0000,0.0000
512,100,get_by_id,0.000213,0.000002,0.000000,0.000064,469860.78,0.0000,0.0000
512,100,concurrent_search,1.912860,0.019129,0.005090,0.114214,436.66,0.0000,0.0000
512,3000,batch_insert,3.497848,0.001166,0.000000,0.000000,857.67,0.0000,0.0000
512,100,single_insert,0.456835,0.004568,0.000694,0.119628,218.90,0.0000,0.0000
512,100,exact_search,0.025679,0.000257,0.000104,0.002470,3894.20,0.0700,0.0000
512,100,search_k10,0.141681,0.001417,0.000954,0.003005,705.81,0.0000,0.9229
512,50,search_k100,0.087537,0.001751,0.001357,0.002474,571.18,0.0000,0.9203
512,50,filtered_search,0.073549,0.001471,0.001063,0.002474,679.82,0.0000,0.0000
512,100,update,0.182199,0.001822,0.001139,0.003221,548.85,0.0000,0.0000
0,100,delete,0.000136,0.000001,0.000001,0.000036,733740.31,0.0000,0.0000
512,100,get_by_id,0.000173,0.000002,0.000000,0.000028,579179.65,0.0000,0.0000
512,100,concurrent_search,2.746179,0.027462,0.009230,0.099979,319.23,0.0000,0.0000
512,4000,batch_insert,4.357617,0.001089,0.000000,0.000000,917.93,0.0000,0.0000
512,100,single_insert,0.197210,0.001972,0.000726,0.004583,507.07,0.0000,0.0000
512,100,exact_search,0.011669,0.000117,0.000091,0.000197,8569.86,0.0100,0.0000
512,100,search_k10,0.123646,0.001236,0.001064,0.002050,808.76,0.0000,0.9205
512,50,search_k100,0.090535,0.001811,0.001497,0.004467,552.27,0.0000,0.9209
512,50,filtered_search,0.061297,0.001226,0.001043,0.002015,815.69,0.0000,0.0000
512,100,update,0.166329,0.001663,0.000987,0.003356,601.22,0.0000,0.0000
0,100,delete,0.000133,0.000001,0.000001,0.000035,753687.42,0.0000,0.0000
512,100,get_by_id,0.000173,0.000002,0.000000,0.000027,578375.69,0.0000,0.0000
512,100,concurrent_search,0.198988,0.001990,0.001090,0.005563,2952.19,0.0000,0.0000
512,5000,batch_insert,5.316941,0.001063,0.000000,0.000000,940.39,0.0000,0.0000
512,100,single_insert,0.238483,0.002385,0.000787,0.007026,419.32,0.0000,0.0000
512,100,exact_search,0.013788,0.000138,0.000103,0.000283,7252.67,0.0200,0.0000
512,100,search_k10,0.147517,0.001475,0.001113,0.003766,677.89,0.0000,0.9182
512,50,search_k100,0.091138,0.001823,0.001525,0.002750,548.62,0.0000,0.9207
512,50,filtered_search,0.067244,0.001345,0.001098,0.002495,743.56,0.0000,0.0000
512,100,update,0.165199,0.001652,0.001054,0.004137,605.33,0.0000,0.0000
0,100,delete,0.000134,0.000001,0.000001,0.000033,747769.78,0.0000,0.0000
512,100,get_by_id,0.000211,0.000002,0.000000,0.000027,473594.73,0.0000,0.0000
512,100,concurrent_search,0.263185,0.002632,0.001580,0.009762,2363.85,0.0000,0.0000
768,1000,batch_insert,0.731241,0.000731,0.000000,0.000000,1367.54,0.0000,0.0000
768,100,single_insert,0.192290,0.001923,0.000898,0.004318,520.05,0.0000,0.0000
768,100,exact_search,0.216985,0.002170,0.001994,0.002970,460.86,1.0000,0.0000
768,100,search_k10,0.247410,0.002474,0.001982,0.003854,404.19,0.0000,1.0000
768,50,search_k100,0.127402,0.002548,0.002094,0.003456,392.46,0.0000,1.0000
768,50,filtered_search,0.123379,0.002468,0.002003,0.006959,405.26,0.0000,0.0000
768,100,update,0.204362,0.002044,0.001292,0.003500,489.33,0.0000,0.0000
0,100,delete,0.000113,0.000001,0.000001,0.000029,888312.47,0.0000,0.0000
768,100,get_by_id,0.000115,0.000001,0.000000,0.000003,870966.34,0.0000,0.0000
768,100,concurrent_search,0.458189,0.004582,0.001758,0.022236,1529.80,0.0000,0.0000
768,2000,batch_insert,2.108854,0.001054,0.000000,0.000000,948.38,0.0000,0.0000
768,100,single_insert,0.221570,0.002216,0.000815,0.005793,451.33,0.0000,0.0000
768,100,exact_search,0.619572,0.006196,0.005718,0.007725,161.40,1.0000,0.0000
768,100,search_k10,0.649623,0.006496,0.005614,0.009109,153.94,0.0000,1.0000
768,50,search_k100,0.347544,0.006951,0.005617,0.009730,143.87,0.0000,1.0000
768,50,filtered_search,0.306200,0.006124,0.005638,0.007598,163.29,0.0000,0.0000
768,100,update,0.207178,0.002072,0.001270,0.003949,482.68,0.0000,0.0000
0,100,delete,0.000127,0.000001,0.000001,0.000029,787166.04,0.0000,0.0000
768,100,get_by_id,0.000219,0.000002,0.000000,0.000030,457188.84,0.0000,0.0000
768,100,concurrent_search,1.211511,0.012115,0.005448,0.042641,702.84,0.0000,0.0000
768,3000,batch_insert,3.837927,0.001279,0.000000,0.000000,781.67,0.0000,0.0000
768,100,single_insert,0.239117,0.002391,0.000834,0.005596,418.21,0.0000,0.0000
768,100,exact_search,0.017347,0.000173,0.000118,0.000338,5764.79,0.0400,0.0000
768,100,search_k10,0.170519,0.001705,0.001318,0.002723,586.44,0.0000,0.9363
768,50,search_k100,0.103120,0.002062,0.001697,0.003443,484.87,0.0000,0.9385
768,50,filtered_search,0.080289,0.001606,0.001324,0.002509,622.75,0.0000,0.0000
768,100,update,0.203651,0.002037,0.001340,0.004923,491.04,0.0000,0.0000
0,100,delete,0.000133,0.000001,0.000001,0.000035,749911.89,0.0000,0.0000
768,100,get_by_id,0.000262,0.000003,0.000000,0.000032,382099.41,0.0000,0.0000
768,100,concurrent_search,2.835508,0.028355,0.010270,0.089077,318.55,0.0000,0.0000
768,4000,batch_insert,5.568591,0.001392,0.000000,0.000000,718.31,0.0000,0.0000
768,100,single_insert,0.292245,0.002922,0.000969,0.015086,342.18,0.0000,0.0000
768,100,exact_search,0.017664,0.000177,0.000124,0.001260,5661.20,0.0200,0.0000
768,100,search_k10,0.187557,0.001876,0.001407,0.003505,533.17,0.0000,0.9365
768,50,search_k100,0.127357,0.002547,0.001834,0.006648,392.60,0.0000,0.9336
768,50,filtered_search,0.093922,0.001878,0.001407,0.002723,532.36,0.0000,0.0000
768,100,update,0.261187,0.002612,0.001379,0.004900,382.87,0.0000,0.0000
0,100,delete,0.000183,0.000002,0.000001,0.000045,547348.37,0.0000,0.0000
768,100,get_by_id,0.000221,0.000002,0.000000,0.000013,451552.89,0.0000,0.0000
768,100,concurrent_search,0.432049,0.004320,0.001433,0.026376,1648.28,0.0000,0.0000
768,5000,batch_insert,7.727606,0.001546,0.000000,0.000000,647.03,0.0000,0.0000
768,100,single_insert,0.279879,0.002799,0.000962,0.006679,357.30,0.0000,0.0000
768,100,exact_search,0.016547,0.000165,0.000117,0.000348,6043.40,0.0200,0.0000
768,100,search_k10,0.174373,0.001744,0.001403,0.002727,573.48,0.0000,0.9322
768,50,search_k100,0.140817,0.002816,0.001726,0.005171,355.07,0.0000,0.9353
768,50,filtered_search,0.080359,0.001607,0.001369,0.002659,622.20,0.0000,0.0000
768,100,update,0.214388,0.002144,0.001236,0.003948,466.44,0.0000,0.0000
0,100,delete,0.000129,0.000001,0.000001,0.000032,773999.80,0.0000,0.0000
768,100,get_by_id,0.000210,0.000002,0.000001,0.000018,475307.76,0.0000,0.0000
768,100,concurrent_search,0.343789,0.003438,0.001463,0.026293,2079.59,0.0000,0.0000
1024,1000,batch_insert,0.921907,0.000922,0.000000,0.000000,1084.71,0.0000,0.0000
1024,100,single_insert,0.240923,0.002409,0.001182,0.004942,415.07,0.0000,0.0000
1024,100,exact_search,0.268142,0.002681,0.002344,0.004187,372.94,1.0000,0.0000
1024,100,search_k10,0.287856,0.002879,0.002349,0.005591,347.40,0.0000,1.0000
1024,50,search_k100,0.143027,0.002861,0.002356,0.004207,349.58,0.0000,1.0000
1024,50,filtered_search,0.136276,0.002726,0.002332,0.003818,366.90,0.0000,0.0000
1024,100,update,0.257917,0.002579,0.001550,0.004427,387.72,0.0000,0.0000
0,100,delete,0.000076,0.000001,0.000001,0.000001,1313680.67,0.0000,0.0000
1024,100,get_by_id,0.000155,0.000002,0.000000,0.000028,644516.77,0.0000,0.0000
1024,100,concurrent_search,0.425187,0.004252,0.002110,0.019460,1797.89,0.0000,0.0000
1024,2000,batch_insert,2.776634,0.001388,0.000000,0.000000,720.30,0.0000,0.0000
1024,100,single_insert,0.292544,0.002925,0.001031,0.007370,341.83,0.0000,0.0000
1024,100,exact_search,0.773594,0.007736,0.006629,0.011734,129.27,1.0000,0.0000
1024,100,search_k10,0.743423,0.007434,0.006558,0.012406,134.51,0.0000,1.0000
1024,50,search_k100,0.424207,0.008484,0.007088,0.011528,117.87,0.0000,1.0000
1024,50,filtered_search,0.429729,0.008595,0.006852,0.011642,116.35,0.0000,0.0000
1024,100,update,0.328689,0.003287,0.001871,0.005514,304.24,0.0000,0.0000
0,100,delete,0.000104,0.000001,0.000001,0.000006,957331.73,0.0000,0.0000
1024,100,get_by_id,0.000196,0.000002,0.000000,0.000014,511048.88,0.0000,0.0000
1024,100,concurrent_search,1.598015,0.015980,0.006503,0.040953,553.32,0.0000,0.0000
1024,3000,batch_insert,5.427981,0.001809,0.000000,0.000000,552.69,0.0000,0.0000
1024,100,single_insert,0.297707,0.002977,0.001021,0.006819,335.90,0.0000,0.0000
1024,100,exact_search,0.028052,0.000281,0.000171,0.000438,3564.80,0.0300,0.0000
1024,100,search_k10,0.210600,0.002106,0.001528,0.003167,474.83,0.0000,0.9471
1024,50,search_k100,0.120820,0.002416,0.002099,0.003364,413.84,0.0000,0.9461
1024,50,filtered_search,0.096612,0.001932,0.001603,0.003131,517.54,0.0000,0.0000
1024,100,update,0.241765,0.002418,0.001510,0.004458,413.62,0.0000,0.0000
0,100,delete,0.000160,0.000002,0.000001,0.000033,624601.82,0.0000,0.0000
1024,100,get_by_id,0.000201,0.000002,0.000000,0.000036,497824.51,0.0000,0.0000
1024,100,concurrent_search,2.916998,0.029170,0.013159,0.057545,314.47,0.0000,0.0000
1024,4000,batch_insert,6.946753,0.001737,0.000000,0.000000,575.81,0.0000,0.0000
1024,100,single_insert,0.345866,0.003459,0.001043,0.007476,289.13,0.0000,0.0000
1024,100,exact_search,0.022170,0.000222,0.000150,0.000749,4510.64,0.0300,0.0000
1024,100,search_k10,0.242217,0.002422,0.001639,0.003447,412.85,0.0000,0.9441
1024,50,search_k100,0.139753,0.002795,0.002209,0.006567,357.77,0.0000,0.9447
1024,50,filtered_search,0.103969,0.002079,0.001648,0.002795,480.91,0.0000,0.0000
1024,100,update,0.271789,0.002718,0.001386,0.004623,367.93,0.0000,0.0000
0,100,delete,0.000166,0.000002,0.000001,0.000025,604032.52,0.0000,0.0000
1024,100,get_by_id,0.000236,0.000002,0.000000,0.000029,424368.96,0.0000,0.0000
1024,100,concurrent_search,0.357755,0.003578,0.001768,0.023026,1919.46,0.0000,0.0000
1024,5000,batch_insert,9.443712,0.001889,0.000000,0.000000,529.45,0.0000,0.0000
1024,100,single_insert,0.362413,0.003624,0.001179,0.010622,275.93,0.0000,0.0000
1024,100,exact_search,0.029990,0.000300,0.000227,0.000495,3334.49,0.0300,0.0000
1024,100,search_k10,0.238878,0.002389,0.001758,0.004309,418.62,0.0000,0.9459
1024,50,search_k100,0.135198,0.002704,0.002340,0.003804,369.83,0.0000,0.9455
1024,50,filtered_search,0.102601,0.002052,0.001732,0.002812,487.32,0.0000,0.0000
1024,100,update,0.261233,0.002612,0.001575,0.004391,382.80,0.0000,0.0000
0,100,delete,0.000169,0.000002,0.000001,0.000034,591359.06,0.0000,0.0000
1024,100,get_by_id,0.000257,0.000003,0.000001,0.000042,389386.87,0.0000,0.0000
1024,100,concurrent_search,0.387096,0.003871,0.001748,0.023680,1921.82,0.0000,0.0000
1536,1000,batch_insert,1.254175,0.001254,0.000000,0.000000,797.34,0.0000,0.0000
1536,100,single_insert,0.355531,0.003555,0.001486,0.007877,281.27,0.0000,0.0000
1536,100,exact_search,0.358225,0.003582,0.003126,0.005753,279.15,1.0000,0.0000
1536,100,search_k10,0.533679,0.005337,0.003293,0.066123,187.38,0.0000,1.0000
1536,50,search_k100,0.258634,0.005173,0.003410,0.010024,193.32,0.0000,1.0000
1536,50,filtered_search,0.209454,0.004189,0.003195,0.006957,238.72,0.0000,0.0000
1536,100,update,0.433122,0.004331,0.002333,0.008971,230.88,0.0000,0.0000
0,100,delete,0.000142,0.000001,0.000001,0.000007,705372.82,0.0000,0.0000
1536,100,get_by_id,0.000245,0.000002,0.000000,0.000008,408048.35,0.0000,0.0000
1536,100,concurrent_search,1.612254,0.016123,0.003374,0.079970,522.19,0.0000,0.0000
1536,2000,batch_insert,3.583791,0.001792,0.000000,0.000000,558.07,0.0000,0.0000
1536,100,single_insert,0.410664,0.004107,0.001617,0.008674,243.51,0.0000,0.0000
1536,100,exact_search,0.878596,0.008786,0.008012,0.011966,113.82,1.0000,0.0000
1536,100,search_k10,0.943913,0.009439,0.008375,0.012508,105.94,0.0000,1.0000
1536,50,search_k100,0.468538,0.009371,0.007913,0.012347,106.71,0.0000,1.0000
1536,50,filtered_search,0.460478,0.009210,0.008070,0.012046,108.58,0.0000,0.0000
1536,100,update,0.559773,0.005598,0.002407,0.054639,178.64,0.0000,0.0000
0,100,delete,0.000134,0.000001,0.000001,0.000005,746129.45,0.0000,0.0000
1536,100,get_by_id,0.000232,0.000002,0.000000,0.000009,431883.36,0.0000,0.0000
1536,100,concurrent_search,3.373422,0.033734,0.009202,0.136737,227.16,0.0000,0.0000
1536,3000,batch_insert,7.082415,0.002361,0.000000,0.000000,423.58,0.0000,0.0000
1536,100,single_insert,0.523467,0.005235,0.001600,0.074793,191.03,0.0000,0.0000
1536,100,exact_search,0.026402,0.000264,0.000211,0.000701,3787.55,0.0500,0.0000
1536,100,search_k10,0.254633,0.002546,0.002126,0.003507,392.72,0.0000,0.9576
1536,50,search_k100,0.170044,0.003401,0.002807,0.004317,294.04,0.0000,0.9574
1536,50,filtered_search,0.141027,0.002821,0.002264,0.003988,354.54,0.0000,0.0000
1536,100,update,0.363336,0.003633,0.002270,0.005852,275.23,0.0000,0.0000
0,100,delete,0.000148,0.000001,0.000001,0.000023,677947.72,0.0000,0.0000
1536,100,get_by_id,0.000229,0.000002,0.000000,0.000031,435912.19,0.0000,0.0000
1536,100,concurrent_search,4.376795,0.043768,0.015108,0.148199,205.61,0.0000,0.0000
1536,4000,batch_insert,9.545327,0.002386,0.000000,0.000000,419.05,0.0000,0.0000
1536,100,single_insert,0.445214,0.004452,0.001579,0.012702,224.61,0.0000,0.0000
1536,100,exact_search,0.027893,0.000279,0.000184,0.000782,3585.14,0.0200,0.0000
1536,100,search_k10,0.270426,0.002704,0.002154,0.003484,369.79,0.0000,0.9553
1536,50,search_k100,0.186114,0.003722,0.002896,0.004885,268.65,0.0000,0.9542
1536,50,filtered_search,0.167834,0.003357,0.002422,0.004393,297.91,0.0000,0.0000
1536,100,update,0.353000,0.003530,0.002069,0.005456,283.29,0.0000,0.0000
0,100,delete,0.000132,0.000001,0.000001,0.000036,757351.99,0.0000,0.0000
1536,100,get_by_id,0.000288,0.000003,0.000000,0.000030,346875.35,0.0000,0.0000
1536,100,concurrent_search,0.485973,0.004860,0.002374,0.022642,1645.14,0.0000,0.0000
1536,5000,batch_insert,13.257237,0.002651,0.000000,0.000000,377.15,0.0000,0.0000
1536,100,single_insert,0.447166,0.004472,0.001621,0.009140,223.63,0.0000,0.0000
1536,100,exact_search,0.027971,0.000280,0.000210,0.000632,3575.13,0.0000,0.0000
1536,100,search_k10,0.270702,0.002707,0.002042,0.003759,369.41,0.0000,0.9562
1536,50,search_k100,0.172396,0.003448,0.002552,0.004603,290.03,0.0000,0.9515
1536,50,filtered_search,0.169388,0.003388,0.002308,0.004322,295.18,0.0000,0.0000
1536,100,update,0.360326,0.003603,0.002176,0.006347,277.53,0.0000,0.0000
0,100,delete,0.000100,0.000001,0.000001,0.000003,998013.95,0.0000,0.0000
1536,100,get_by_id,0.000204,0.000002,0.000001,0.000012,489473.86,0.0000,0.0000
1536,100,concurrent_search,0.471636,0.004716,0.002512,0.016878,1424.32,0.0000,0.0000
2048,1000,batch_insert,1.522443,0.001522,0.000000,0.000000,656.84,0.0000,0.0000
2048,100,single_insert,0.426345,0.004263,0.001987,0.008633,234.55,0.0000,0.0000
2048,100,exact_search,0.446474,0.004465,0.003793,0.006038,223.98,1.0000,0.0000
2048,100,search_k10,0.416517,0.004165,0.003769,0.006310,240.09,0.0000,1.0000
2048,50,search_k100,0.204533,0.004091,0.003803,0.005060,244.46,0.0000,1.0000
2048,50,filtered_search,0.224409,0.004488,0.003803,0.005596,222.81,0.0000,0.0000
2048,100,update,0.475969,0.004760,0.002638,0.009586,210.10,0.0000,0.0000
0,100,delete,0.000104,0.000001,0.000001,0.000005,963743.95,0.0000,0.0000
2048,100,get_by_id,0.000210,0.000002,0.000000,0.000009,476269.85,0.0000,0.0000
2048,100,concurrent_search,0.794067,0.007941,0.005448,0.028980,1104.75,0.0000,0.0000
2048,2000,batch_insert,4.579922,0.002290,0.000000,0.000000,436.69,0.0000,0.0000
2048,100,single_insert,0.480601,0.004806,0.001983,0.010563,208.07,0.0000,0.0000
2048,100,exact_search,1.049162,0.010492,0.009213,0.015444,95.31,1.0000,0.0000
2048,100,search_k10,1.055155,0.010552,0.009424,0.013977,94.77,0.0000,1.0000
2048,50,search_k100,0.486061,0.009721,0.009143,0.011324,102.87,0.0000,1.0000
2048,50,filtered_search,0.527634,0.010553,0.009024,0.015558,94.76,0.0000,0.0000
2048,100,update,0.423433,0.004234,0.002702,0.007227,236.16,0.0000,0.0000
0,100,delete,0.000193,0.000002,0.000001,0.000038,519032.94,0.0000,0.0000
2048,100,get_by_id,0.000269,0.000003,0.000000,0.000036,371359.29,0.0000,0.0000
2048,100,concurrent_search,1.897148,0.018971,0.008840,0.039336,470.02,0.0000,0.0000
2048,3000,batch_insert,7.835447,0.002612,0.000000,0.000000,382.88,0.0000,0.0000
2048,100,single_insert,0.491300,0.004913,0.001843,0.010323,203.54,0.0000,0.0000
2048,100,exact_search,0.035881,0.000359,0.000257,0.000586,2787.03,0.0400,0.0000
2048,100,search_k10,0.346613,0.003466,0.002771,0.004838,288.51,0.0000,0.9629
2048,50,search_k100,0.206619,0.004132,0.003351,0.005314,241.99,0.0000,0.9639
2048,50,filtered_search,0.170985,0.003420,0.002684,0.004221,292.42,0.0000,0.0000
2048,100,update,0.449539,0.004495,0.002660,0.007416,222.45,0.0000,0.0000
0,100,delete,0.000136,0.000001,0.000001,0.000034,737947.47,0.0000,0.0000
2048,100,get_by_id,0.000299,0.000003,0.000000,0.000037,333950.03,0.0000,0.0000
2048,100,concurrent_search,4.367846,0.043678,0.015560,0.154346,213.31,0.0000,0.0000
2048,4000,batch_insert,9.606021,0.002402,0.000000,0.000000,416.41,0.0000,0.0000
2048,100,single_insert,0.473364,0.004734,0.001746,0.011348,211.25,0.0000,0.0000
2048,100,exact_search,0.030922,0.000309,0.000209,0.000679,3233.99,0.0000,0.0000
2048,100,search_k10,0.321259,0.003213,0.002136,0.004770,311.27,0.0000,0.9608
2048,50,search_k100,0.172170,0.003443,0.002395,0.004523,290.41,0.0000,0.9599
2048,50,filtered_search,0.149331,0.002987,0.002220,0.004257,334.83,0.0000,0.0000
2048,100,update,0.382814,0.003828,0.002489,0.007436,261.22,0.0000,0.0000
0,100,delete,0.000161,0.000002,0.000001,0.000033,621878.95,0.0000,0.0000
2048,100,get_by_id,0.000316,0.000003,0.000000,0.000038,316193.54,0.0000,0.0000
2048,100,concurrent_search,0.483507,0.004835,0.002042,0.028169,1318.64,0.0000,0.0000
2048,5000,batch_insert,12.537663,0.002508,0.000000,0.000000,398.80,0.0000,0.0000
2048,100,single_insert,0.462805,0.004628,0.001688,0.010428,216.07,0.0000,0.0000
2048,100,exact_search,0.032589,0.000326,0.000228,0.000749,3068.48,0.0000,0.0000
2048,100,search_k10,0.282854,0.002829,0.001999,0.004535,353.54,0.0000,0.9635
2048,50,search_k100,0.176726,0.003535,0.002498,0.004907,282.92,0.0000,0.9610
2048,50,filtered_search,0.148206,0.002964,0.002116,0.004035,337.37,0.0000,0.0000
2048,100,update,0.429217,0.004292,0.002911,0.010475,232.98,0.0000,0.0000
0,100,delete,0.000198,0.000002,0.000001,0.000039,505827.13,0.0000,0.0000
2048,100,get_by_id,0.000301,0.000003,0.000001,0.000033,332425.81,0.0000,0.0000
2048,100,concurrent_search,0.464423,0.004644,0.002325,0.016134,1289.66,0.0000,0.0000
3072,1000,batch_insert,1.877867,0.001878,0.000000,0.000000,532.52,0.0000,0.0000
3072,100,single_insert,0.537496,0.005375,0.002459,0.010820,186.05,0.0000,0.0000
3072,100,exact_search,0.557211,0.005572,0.005164,0.006917,179.47,1.0000,0.0000
3072,100,search_k10,0.539107,0.005391,0.004575,0.007291,185.49,0.0000,1.0000
3072,50,search_k100,0.303416,0.006068,0.004584,0.008105,164.79,0.0000,1.0000
3072,50,filtered_search,0.271171,0.005423,0.004780,0.006862,184.39,0.0000,0.0000
3072,100,update,0.553287,0.005533,0.003500,0.009917,180.74,0.0000,0.0000
0,100,delete,0.000144,0.000001,0.000001,0.000026,692607.11,0.0000,0.0000
3072,100,get_by_id,0.000370,0.000004,0.000000,0.000041,270287.07,0.0000,0.0000
3072,100,concurrent_search,0.945028,0.009450,0.004423,0.031416,864.20,0.0000,0.0000
3072,2000,batch_insert,5.509959,0.002755,0.000000,0.000000,362.98,0.0000,0.0000
3072,100,single_insert,0.604069,0.006041,0.002636,0.013596,165.54,0.0000,0.0000
3072,100,exact_search,1.259619,0.012596,0.011501,0.020435,79.39,1.0000,0.0000
3072,100,search_k10,1.209921,0.012099,0.011139,0.014926,82.65,0.0000,1.0000
3072,50,search_k100,0.605909,0.012118,0.011606,0.013932,82.52,0.0000,1.0000
3072,50,filtered_search,0.643371,0.012867,0.011592,0.018828,77.72,0.0000,0.0000
3072,100,update,0.551551,0.005516,0.003228,0.008557,181.31,0.0000,0.0000
0,100,delete,0.000106,0.000001,0.000001,0.000003,945787.46,0.0000,0.0000
3072,100,get_by_id,0.000259,0.000003,0.000000,0.000011,386386.82,0.0000,0.0000
3072,100,concurrent_search,2.460425,0.024604,0.014505,0.053134,368.17,0.0000,0.0000
3072,3000,batch_insert,9.508986,0.003170,0.000000,0.000000,315.49,0.0000,0.0000
3072,100,single_insert,0.644213,0.006442,0.002460,0.015827,155.23,0.0000,0.0000
3072,100,exact_search,0.046325,0.000463,0.000350,0.001055,2158.67,0.0600,0.0000
3072,100,search_k10,0.403572,0.004036,0.003317,0.005769,247.79,0.0000,0.9693
3072,50,search_k100,0.239550,0.004791,0.004539,0.006526,208.72,0.0000,0.9692
3072,50,filtered_search,0.206856,0.004137,0.003737,0.005291,241.71,0.0000,0.0000
3072,100,update,0.588926,0.005889,0.003672,0.012683,169.80,0.0000,0.0000
0,100,delete,0.000129,0.000001,0.000001,0.000029,778204.06,0.0000,0.0000
3072,100,get_by_id,0.000341,0.000003,0.000000,0.000034,292920.12,0.0000,0.0000
3072,100,concurrent_search,4.095710,0.040957,0.022494,0.065637,233.15,0.0000,0.0000
3072,4000,batch_insert,12.132089,0.003033,0.000000,0.000000,329.70,0.0000,0.0000
3072,100,single_insert,0.631053,0.006311,0.002561,0.014113,158.47,0.0000,0.0000
3072,100,exact_search,0.041227,0.000412,0.000302,0.000683,2425.58,0.0400,0.0000
3072,100,search_k10,0.372731,0.003727,0.001979,0.006164,268.29,0.0000,0.9693
3072,50,search_k100,0.222042,0.004441,0.002731,0.005777,225.18,0.0000,0.9691
3072,50,filtered_search,0.187629,0.003753,0.002196,0.005415,266.48,0.0000,0.0000
3072,100,update,0.569620,0.005696,0.003377,0.009300,175.56,0.0000,0.0000
0,100,delete,0.000167,0.000002,0.000001,0.000032,598734.28,0.0000,0.0000
3072,100,get_by_id,0.000400,0.000004,0.000000,0.000035,249829.49,0.0000,0.0000
3072,100,concurrent_search,0.745447,0.007454,0.003512,0.043075,1086.03,0.0000,0.0000
3072,5000,batch_insert,16.449131,0.003290,0.000000,0.000000,303.97,0.0000,0.0000
3072,100,single_insert,0.665400,0.006654,0.002436,0.016677,150.29,0.0000,0.0000
3072,100,exact_search,0.043980,0.000440,0.000335,0.000756,2273.77,0.0100,0.0000
3072,100,search_k10,0.353946,0.003539,0.002530,0.005645,282.53,0.0000,0.9704
3072,50,search_k100,0.191605,0.003832,0.002564,0.005135,260.95,0.0000,0.9709
3072,50,filtered_search,0.171886,0.003438,0.002416,0.004907,290.89,0.0000,0.0000
3072,100,update,0.574339,0.005743,0.003344,0.012423,174.11,0.0000,0.0000
0,100,delete,0.000171,0.000002,0.000001,0.000033,584313.52,0.0000,0.0000
3072,100,get_by_id,0.000405,0.000004,0.000001,0.000035,247052.05,0.0000,0.0000
3072,100,concurrent_search,0.652864,0.006529,0.002398,0.029906,1221.70,0.0000,0.0000
4096,1000,batch_insert,2.296776,0.002297,0.000000,0.000000,435.39,0.0000,0.0000
4096,100,single_insert,0.657833,0.006578,0.003195,0.014829,152.01,0.0000,0.0000
4096,100,exact_search,0.687933,0.006879,0.005863,0.009161,145.36,1.0000,0.0000
4096,100,search_k10,0.741338,0.007413,0.006549,0.010506,134.89,0.0000,1.0000
4096,50,search_k100,0.351341,0.007027,0.006573,0.008019,142.31,0.0000,1.0000
4096,50,filtered_search,0.339345,0.006787,0.006114,0.008194,147.34,0.0000,0.0000
4096,100,update,0.694310,0.006943,0.004579,0.011367,144.03,0.0000,0.0000
0,100,delete,0.000098,0.000001,0.000001,0.000003,1024222.87,0.0000,0.0000
4096,100,get_by_id,0.000301,0.000003,0.000000,0.000036,332128.81,0.0000,0.0000
4096,100,concurrent_search,1.469136,0.014691,0.008831,0.042250,609.81,0.0000,0.0000
4096,2000,batch_insert,6.871499,0.003436,0.000000,0.000000,291.06,0.0000,0.0000
4096,100,single_insert,0.728177,0.007282,0.002927,0.015095,137.33,0.0000,0.0000
4096,100,exact_search,1.499342,0.014993,0.012768,0.021826,66.70,1.0000,0.0000
4096,100,search_k10,1.544783,0.015448,0.013341,0.068963,64.73,0.0000,1.0000
4096,50,search_k100,0.722060,0.014441,0.013075,0.018343,69.25,0.0000,1.0000
4096,50,filtered_search,0.705733,0.014115,0.012831,0.017731,70.85,0.0000,0.0000
4096,100,update,0.730660,0.007307,0.004266,0.014052,136.86,0.0000,0.0000
0,100,delete,0.000133,0.000001,0.000001,0.000030,752241.68,0.0000,0.0000
4096,100,get_by_id,0.000408,0.000004,0.000000,0.000035,245230.27,0.0000,0.0000
4096,100,concurrent_search,3.045994,0.030460,0.013317,0.084246,298.88,0.0000,0.0000
4096,3000,batch_insert,11.492957,0.003831,0.000000,0.000000,261.03,0.0000,0.0000
4096,100,single_insert,0.848542,0.008485,0.003281,0.025222,117.85,0.0000,0.0000
4096,100,exact_search,0.058018,0.000580,0.000438,0.001311,1723.59,0.0200,0.0000
4096,100,search_k10,0.534050,0.005341,0.004628,0.006801,187.25,0.0000,0.9730
4096,50,search_k100,0.300414,0.006008,0.005061,0.007416,166.44,0.0000,0.9729
4096,50,filtered_search,0.262815,0.005256,0.004865,0.006255,190.25,0.0000,0.0000
4096,100,update,0.750455,0.007505,0.004406,0.014399,133.25,0.0000,0.0000
0,100,delete,0.000118,0.000001,0.000001,0.000004,849509.41,0.0000,0.0000
4096,100,get_by_id,0.000435,0.000004,0.000000,0.000027,229988.16,0.0000,0.0000
4096,100,concurrent_search,5.163630,0.051636,0.022750,0.090616,180.68,0.0000,0.0000
4096,4000,batch_insert,16.182336,0.004046,0.000000,0.000000,247.18,0.0000,0.0000
4096,100,single_insert,0.955617,0.009556,0.003600,0.022326,104.64,0.0000,0.0000
4096,100,exact_search,0.057767,0.000578,0.000403,0.000798,1731.08,0.0100,0.0000
4096,100,search_k10,0.460653,0.004607,0.002260,0.007944,217.08,0.0000,0.9719
4096,50,search_k100,0.266235,0.005325,0.003073,0.006439,187.80,0.0000,0.9733
4096,50,filtered_search,0.264507,0.005290,0.002516,0.008343,189.03,0.0000,0.0000
4096,100,update,0.686151,0.006862,0.004318,0.011098,145.74,0.0000,0.0000
0,100,delete,0.000165,0.000002,0.000001,0.000033,605103.44,0.0000,0.0000
4096,100,get_by_id,0.000406,0.000004,0.000000,0.000035,246192.63,0.0000,0.0000
4096,100,concurrent_search,0.855265,0.008553,0.004089,0.031817,1040.27,0.0000,0.0000
6120,1000,batch_insert,3.994902,0.003995,0.000000,0.000000,250.32,0.0000,0.0000
6120,100,single_insert,1.011648,0.010116,0.004649,0.019556,98.85,0.0000,0.0000
6120,100,exact_search,1.089036,0.010890,0.009516,0.014214,91.82,1.0000,0.0000
6120,100,search_k10,1.076808,0.010768,0.009512,0.012440,92.87,0.0000,1.0000
6120,50,search_k100,0.554639,0.011093,0.009895,0.014785,90.15,0.0000,1.0000
6120,50,filtered_search,0.515330,0.010307,0.009352,0.011593,97.03,0.0000,0.0000
6120,100,update,1.032446,0.010324,0.006858,0.016513,96.86,0.0000,0.0000
0,100,delete,0.000138,0.000001,0.000001,0.000037,723274.99,0.0000,0.0000
6120,100,get_by_id,0.000552,0.000006,0.000000,0.000043,181159.09,0.0000,0.0000
6120,100,concurrent_search,1.916276,0.019163,0.008370,0.043990,472.53,0.0000,0.0000
6120,2000,batch_insert,10.149554,0.005075,0.000000,0.000000,197.05,0.0000,0.0000
6120,100,single_insert,1.154117,0.011541,0.004523,0.035446,86.65,0.0000,0.0000
6120,100,exact_search,2.032344,0.020323,0.018038,0.030845,49.20,1.0000,0.0000
6120,100,search_k10,1.993285,0.019933,0.017848,0.029861,50.17,0.0000,1.0000
6120,50,search_k100,0.990086,0.019802,0.017769,0.024841,50.50,0.0000,1.0000
6120,50,filtered_search,0.985798,0.019716,0.017570,0.029409,50.72,0.0000,0.0000
6120,100,update,1.007028,0.010070,0.006161,0.017789,99.30,0.0000,0.0000
0,100,delete,0.000140,0.000001,0.000001,0.000036,716758.53,0.0000,0.0000
6120,100,get_by_id,0.000490,0.000005,0.000000,0.000047,204215.83,0.0000,0.0000
6120,100,concurrent_search,4.192403,0.041924,0.022370,0.061271,217.63,0.0000,0.0000
6120,3000,batch_insert,17.852435,0.005951,0.000000,0.000000,168.04,0.0000,0.0000
6120,100,single_insert,1.227392,0.012274,0.004503,0.025721,81.47,0.0000,0.0000
6120,100,exact_search,0.080156,0.000802,0.000625,0.001206,1247.57,0.0100,0.0000
6120,100,search_k10,0.686312,0.006863,0.005815,0.008171,145.71,0.0000,0.9791
6120,50,search_k100,0.406590,0.008132,0.006985,0.011184,122.97,0.0000,0.9773
6120,50,filtered_search,0.351580,0.007032,0.006138,0.008842,142.22,0.0000,0.0000
6120,100,update,0.995442,0.009954,0.005988,0.019701,100.46,0.0000,0.0000
0,100,delete,0.000219,0.000002,0.000001,0.000041,455832.14,0.0000,0.0000
6120,100,get_by_id,0.000501,0.000005,0.000000,0.000045,199683.70,0.0000,0.0000
6120,100,concurrent_search,6.848605,0.068486,0.030245,0.107189,137.44,0.0000,0.0000
