sweep,label,dim,n,m,ef,k,recall,search_ns,build_ms
dimension,8,8,5000,16,64,10,1.0000,16545,459.8
dimension,32,32,5000,16,64,10,0.9975,34331,882.6
dimension,64,64,5000,16,64,10,0.9325,50363,1419.3
dimension,128,128,5000,16,64,10,0.8270,73815,2336.7
dimension,256,256,5000,16,64,10,0.7110,122197,4070.9
dimension,384,384,5000,16,64,10,0.6585,158976,6012.6
dimension,768,768,5000,16,64,10,0.5955,288110,12409.3
dimension,1536,1536,5000,16,64,10,0.5570,652813,27128.5
scale,500,128,500,16,64,10,1.0000,36025,103.9
scale,1000,128,1000,16,64,10,0.9890,43446,270.8
scale,2000,128,2000,16,64,10,0.9255,60374,721.8
scale,5000,128,5000,16,64,10,0.8680,79355,2416.5
scale,10000,128,10000,16,64,10,0.7820,86769,5531.1
scale,20000,128,20000,16,64,10,0.6220,100285,12506.3
ef,10,128,5000,16,10,10,0.3245,18352,2368.4
ef,16,128,5000,16,16,10,0.4250,25905,2368.4
ef,32,128,5000,16,32,10,0.6125,43891,2368.4
ef,64,128,5000,16,64,10,0.8075,84227,2368.4
ef,128,128,5000,16,128,10,0.9535,139390,2368.4
ef,256,128,5000,16,256,10,0.9965,224530,2368.4
ef,512,128,5000,16,512,10,1.0000,333491,2368.4
M,4,128,5000,4,64,10,0.3135,35728,498.0
M,8,128,5000,8,64,10,0.5855,55913,825.5
M,12,128,5000,12,64,10,0.7280,67453,1483.2
M,16,128,5000,16,64,10,0.8210,77226,2390.6
M,24,128,5000,24,64,10,0.9240,101389,4817.2
M,32,128,5000,32,64,10,0.9710,119742,7648.3
M,48,128,5000,48,64,10,0.9935,154734,15605.3
grid,M=8/ef=16,128,5000,8,16,10,0.3120,15360,831.6
grid,M=8/ef=32,128,5000,8,32,10,0.4595,29400,831.6
grid,M=8/ef=64,128,5000,8,64,10,0.6525,52764,831.6
grid,M=8/ef=128,128,5000,8,128,10,0.8415,92851,831.6
grid,M=8/ef=256,128,5000,8,256,10,0.9605,171895,831.6
grid,M=12/ef=16,128,5000,12,16,10,0.3865,20663,1460.2
grid,M=12/ef=32,128,5000,12,32,10,0.5695,37402,1460.2
grid,M=12/ef=64,128,5000,12,64,10,0.7720,75537,1460.2
grid,M=12/ef=128,128,5000,12,128,10,0.9430,116798,1460.2
grid,M=12/ef=256,128,5000,12,256,10,0.9940,202351,1460.2
grid,M=16/ef=16,128,5000,16,16,10,0.4735,25862,2393.6
grid,M=16/ef=32,128,5000,16,32,10,0.6625,49726,2393.6
grid,M=16/ef=64,128,5000,16,64,10,0.8570,80370,2393.6
grid,M=16/ef=128,128,5000,16,128,10,0.9730,142010,2393.6
grid,M=16/ef=256,128,5000,16,256,10,0.9995,232001,2393.6
grid,M=24/ef=16,128,5000,24,16,10,0.5835,35338,4768.4
grid,M=24/ef=32,128,5000,24,32,10,0.7860,55298,4768.4
grid,M=24/ef=64,128,5000,24,64,10,0.9430,101200,4768.4
grid,M=24/ef=128,128,5000,24,128,10,0.9950,163337,4768.4
grid,M=24/ef=256,128,5000,24,256,10,1.0000,266350,4768.4
grid,M=32/ef=16,128,5000,32,16,10,0.6655,44156,7590.2
grid,M=32/ef=32,128,5000,32,32,10,0.8540,72748,7590.2
grid,M=32/ef=64,128,5000,32,64,10,0.9745,118644,7590.2
grid,M=32/ef=128,128,5000,32,128,10,0.9990,183379,7590.2
grid,M=32/ef=256,128,5000,32,256,10,1.0000,256024,7590.2
efscale,n=1000/ef=16,128,1000,16,16,10,0.8330,18075,270.4
efscale,n=1000/ef=32,128,1000,16,32,10,0.9565,28303,270.4
efscale,n=1000/ef=64,128,1000,16,64,10,0.9985,43634,270.4
efscale,n=1000/ef=128,128,1000,16,128,10,1.0000,60786,270.4
efscale,n=1000/ef=256,128,1000,16,256,10,1.0000,88263,270.4
efscale,n=1000/ef=512,128,1000,16,512,10,1.0000,123831,270.4
efscale,n=5000/ef=16,128,5000,16,16,10,0.4565,26252,2347.7
efscale,n=5000/ef=32,128,5000,16,32,10,0.6380,50861,2347.7
efscale,n=5000/ef=64,128,5000,16,64,10,0.8300,78248,2347.7
efscale,n=5000/ef=128,128,5000,16,128,10,0.9635,134882,2347.7
efscale,n=5000/ef=256,128,5000,16,256,10,0.9985,219482,2347.7
efscale,n=5000/ef=512,128,5000,16,512,10,1.0000,323049,2347.7
efscale,n=20000/ef=16,128,20000,16,16,10,0.2325,47917,12509.8
efscale,n=20000/ef=32,128,20000,16,32,10,0.3745,61140,12509.8
efscale,n=20000/ef=64,128,20000,16,64,10,0.5815,114817,12509.8
efscale,n=20000/ef=128,128,20000,16,128,10,0.7770,179527,12509.8
efscale,n=20000/ef=256,128,20000,16,256,10,0.9325,362466,12509.8
efscale,n=20000/ef=512,128,20000,16,512,10,0.9930,788433,12509.8
metric,Cosine,128,5000,16,64,10,0.8310,78008,2388.2
metric-wide,Cosine,128,5000,16,256,10,0.9970,216323,2388.2
metric,Euclidean,128,5000,16,64,10,0.8995,73744,2313.0
metric-wide,Euclidean,128,5000,16,256,10,0.9975,202645,2313.0
metric,DotProduct,128,5000,16,64,10,0.8535,79802,2361.3
metric-wide,DotProduct,128,5000,16,256,10,0.9970,219217,2361.3
distribution,centered,128,5000,16,64,10,0.8450,76620,2360.8
distribution,positive,128,5000,16,64,10,0.8905,76560,2078.0
distribution,clustered,128,5000,16,64,10,0.8960,24856,908.6
tombstones,0%,128,5000,16,64,10,0.9195,77581,2346.6
compacted,0%,128,5000,16,64,10,0.9195,76176,2346.6
tombstones,25%,128,3750,16,64,10,0.9510,90538,2391.3
compacted,25%,128,3750,16,64,10,0.9185,72236,2391.3
tombstones,50%,128,2500,16,64,10,0.9780,127349,2339.3
compacted,50%,128,2500,16,64,10,0.9550,70587,2339.3
tombstones,75%,128,1250,16,64,10,0.9935,182730,2356.9
compacted,75%,128,1250,16,64,10,0.9835,49800,2356.9
clustered-alpha,alpha=1.0,256,40000,16,16,10,0.9890,29165,16729.8
clustered-alpha,alpha=1.2,256,40000,16,16,10,0.9380,32717,39255.9
